{"cameraMode":{"drawMode":0,"name":"Shaded","section":"Shading Mode"},"sceneLighting":false,"audioPlay":false,"sceneViewState":{"m_AlwaysRefresh":false,"showFog":true,"showSkybox":false,"showFlares":true,"showImageEffects":true,"showParticleSystems":true,"showVisualEffectGraphs":true,"m_FxEnabled":true},"in2DMode":false,"pivot":{"x":0.9648503065109253,"y":1.1766637563705445,"z":2.2817888259887697},"rotation":{"x":-0.03174944594502449,"y":0.7125023007392883,"z":-0.032303377985954288,"w":-0.7002140283584595},"size":0.8660253882408142,"orthographic":false}