{"cameraMode":{"drawMode":0,"name":"Shaded","section":"Shading Mode"},"sceneLighting":false,"audioPlay":false,"sceneViewState":{"m_AlwaysRefresh":false,"showFog":true,"showSkybox":false,"showFlares":true,"showImageEffects":true,"showParticleSystems":true,"showVisualEffectGraphs":true,"m_FxEnabled":true},"in2DMode":false,"pivot":{"x":1.3896167278289796,"y":0.5662534832954407,"z":2.279963970184326},"rotation":{"x":-0.017405161634087564,"y":0.9317150712013245,"z":-0.045044999569654468,"w":-0.35998576879501345},"size":0.6123724579811096,"orthographic":false}