{"cameraMode":{"drawMode":0,"name":"Shaded","section":"Shading Mode"},"sceneLighting":false,"audioPlay":false,"sceneViewState":{"m_AlwaysRefresh":false,"showFog":true,"showSkybox":false,"showFlares":true,"showImageEffects":true,"showParticleSystems":true,"showVisualEffectGraphs":true,"m_FxEnabled":true},"in2DMode":false,"pivot":{"x":1.6654921770095826,"y":0.5207226276397705,"z":-0.46325159072875979},"rotation":{"x":-0.0035243164747953417,"y":0.9946304559707642,"z":-0.036129917949438098,"w":-0.09698396176099777},"size":0.8660253882408142,"orthographic":false}